berthage,avg_parking_time
207171.0,13020
210459.0,11220
211087.0,10230
210034.0,9780
202232.0,7440
210461.0,7160
211085.0,6924
207181.0,6846
211022.0,6685
211109.0,6517
210035.0,6432
207179.0,6394
203118.0,6368
207176.0,6360
207182.0,6187
207152.0,6185
207143.0,6120
210457.0,6120
207153.0,5970
207175.0,5964
207183.0,5936
210093.0,5920
211086.0,5908
211077.0,5893
210584.0,5871
207154.0,5859
210585.0,5856
210589.0,5780
207178.0,5770
207180.0,5726
207113.0,5683
210586.0,5625
210588.0,5590
203090.0,5569
205085.0,5554
207151.0,5543
207043.0,5521
207044.0,5513
207042.0,5500
207047.0,5460
201158.0,5443
203076.0,5403
207147.0,5396
207150.0,5357
203074.0,5345
211171.0,5343
210562.0,5333
207055.0,5310
207041.0,5307
204185.0,5297
210594.0,5293
207054.0,5267
203072.0,5215
207146.0,5212
210591.0,5195
203120.0,5193
207049.0,5188
210564.0,5181
207063.0,5174
207053.0,5173
207048.0,5168
211177.0,5142
211172.0,5138
207046.0,5132
207057.0,5109
203115.0,5081
211196.0,5078
210037.0,5076
207051.0,5063
210358.0,5058
207045.0,5052
211024.0,5052
210583.0,5043
211062.0,5004
204066.0,4999
210561.0,4997
207142.0,4976
210560.0,4976
203089.0,4975
207056.0,4955
210283.0,4955
210579.0,4947
211175.0,4947
207059.0,4938
210312.0,4935
210570.0,4926
211030.0,4908
210356.0,4904
207058.0,4899
210566.0,4899
210587.0,4883
210359.0,4861
208552.0,4859
210318.0,4842
203117.0,4841
210563.0,4826
210319.0,4821
208551.0,4805
210590.0,4801
207060.0,4793
202233.0,4785
211205.0,4782
211032.0,4777
207114.0,4765
207050.0,4762
210582.0,4762
203299.0,4761
211184.0,4751
207021.0,4744
210569.0,4742
203087.0,4740
208553.0,4734
210355.0,4733
210597.0,4731
210595.0,4731
207145.0,4726
207061.0,4719
204084.0,4710
201159.0,4705
208556.0,4705
210031.0,4704
211173.0,4703
203126.0,4700
210122.0,4696
210581.0,4695
208554.0,4694
210028.0,4680
211206.0,4670
203080.0,4662
207064.0,4662
204116.0,4661
210565.0,4649
207018.0,4646
204117.0,4643
211072.0,4643
203295.0,4634
204062.0,4629
208618.0,4625
208613.0,4621
203292.0,4620
203291.0,4618
211201.0,4618
204136.0,4608
203063.0,4605
207066.0,4602
210601.0,4600
204064.0,4598
204154.0,4597
211178.0,4597
210460.0,4590
207065.0,4584
211052.0,4583
207024.0,4582
204088.0,4578
208383.0,4577
210310.0,4573
202317.0,4572
210568.0,4571
207112.0,4565
210128.0,4563
202315.0,4560
211029.0,4560
204061.0,4559
207001.0,4559
211198.0,4555
211207.0,4554
211070.0,4553
211200.0,4551
211179.0,4546
203319.0,4545
211176.0,4542
205150.0,4540
210596.0,4538
204065.0,4533
211182.0,4533
204155.0,4532
207068.0,4525
207070.0,4521
210315.0,4521
207062.0,4519
204063.0,4513
207087.0,4512
210022.0,4512
210580.0,4511
208555.0,4510
211071.0,4507
210598.0,4505
208617.0,4503
205203.0,4502
211041.0,4499
204133.0,4494
204153.0,4492
205188.0,4490
207023.0,4489
208615.0,4487
210593.0,4485
207069.0,4484
205086.0,4483
204139.0,4471
207022.0,4463
204156.0,4460
210567.0,4458
210322.0,4457
207020.0,4455
204138.0,4454
207116.0,4453
208619.0,4453
207005.0,4452
210317.0,4450
211014.0,4450
203088.0,4448
210394.0,4448
207173.0,4447
208434.0,4441
211027.0,4440
208374.0,4437
207052.0,4425
211174.0,4425
208612.0,4424
210361.0,4418
204086.0,4417
207025.0,4415
208385.0,4414
211039.0,4414
211183.0,4411
211181.0,4409
204157.0,4402
207118.0,4401
210129.0,4400
211204.0,4395
210090.0,4394
207082.0,4391
208384.0,4389
203012.0,4387
203078.0,4385
210422.0,4385
202316.0,4383
210207.0,4383
203318.0,4380
207029.0,4379
211068.0,4365
207071.0,4363
211255.0,4360
208449.0,4359
210608.0,4359
203297.0,4356
208616.0,4356
210357.0,4352
208611.0,4351
210360.0,4349
207085.0,4347
210044.0,4344
210465.0,4344
210125.0,4343
208103.0,4342
205084.0,4341
205202.0,4341
207019.0,4341
203300.0,4338
204114.0,4335
204115.0,4334
203296.0,4333
210389.0,4331
208357.0,4329
210208.0,4325
210020.0,4324
207141.0,4323
208430.0,4322
208547.0,4321
208511.0,4318
203293.0,4317
203128.0,4316
211185.0,4315
207031.0,4311
208681.0,4311
210042.0,4308
208391.0,4303
210026.0,4303
203006.0,4301
204112.0,4301
208546.0,4300
208389.0,4298
210607.0,4297
208387.0,4294
204134.0,4293
204069.0,4293
207086.0,4292
208614.0,4292
210543.0,4292
210600.0,4291
211108.0,4289
208355.0,4287
207003.0,4285
211114.0,4279
208512.0,4277
210311.0,4275
210392.0,4272
210393.0,4271
208450.0,4266
210573.0,4266
210544.0,4264
205087.0,4263
208393.0,4263
205045.0,4261
207174.0,4260
208386.0,4260
205200.0,4259
210081.0,4253
208433.0,4250
210534.0,4249
203064.0,4247
205038.0,4246
204137.0,4243
204068.0,4243
210309.0,4239
203294.0,4236
203317.0,4235
205093.0,4234
207007.0,4234
208590.0,4231
210222.0,4229
207002.0,4228
207028.0,4228
211021.0,4224
203301.0,4223
205103.0,4221
208390.0,4221
208585.0,4219
203084.0,4218
207072.0,4217
208428.0,4213
210599.0,4208
208464.0,4207
208379.0,4206
208505.0,4205
208107.0,4204
208545.0,4203
210441.0,4202
210547.0,4201
208408.0,4197
210571.0,4197
208435.0,4195
210546.0,4193
208439.0,4192
210313.0,4191
211202.0,4191
203357.0,4190
210436.0,4190
211211.0,4190
203112.0,4186
207032.0,4186
203278.0,4184
210103.0,4183
208431.0,4181
208427.0,4181
205197.0,4180
210173.0,4179
204159.0,4177
207083.0,4176
203079.0,4174
208122.0,4174
211110.0,4171
211208.0,4170
210413.0,4168
208356.0,4164
205201.0,4163
203298.0,4162
208182.0,4161
208620.0,4161
208593.0,4161
208423.0,4160
211187.0,4160
205092.0,4158
210383.0,4158
203081.0,4157
205048.0,4156
210083.0,4155
203075.0,4152
204078.0,4151
207084.0,4151
210323.0,4150
210396.0,4149
208121.0,4148
204129.0,4145
211111.0,4145
211213.0,4143
208354.0,4142
210124.0,4142
208588.0,4141
210167.0,4141
211079.0,4141
204128.0,4140
204135.0,4140
208452.0,4140
210091.0,4140
211078.0,4140
211180.0,4140
208407.0,4137
208425.0,4136
205047.0,4135
210395.0,4135
208406.0,4134
211090.0,4133
205095.0,4132
203007.0,4131
203302.0,4131
205049.0,4131
208372.0,4129
208587.0,4129
205189.0,4128
210210.0,4128
211034.0,4128
203085.0,4127
210171.0,4126
204067.0,4121
203070.0,4118
207004.0,4116
208440.0,4116
204118.0,4115
207119.0,4115
210209.0,4115
210046.0,4114
204140.0,4111
205037.0,4110
208352.0,4110
203045.0,4109
211189.0,4108
208544.0,4107
210602.0,4107
208586.0,4103
208510.0,4103
203123.0,4102
203001.0,4102
211241.0,4100
205089.0,4097
208513.0,4097
205191.0,4095
211195.0,4095
208392.0,4094
208102.0,4092
207030.0,4092
208473.0,4091
207120.0,4090
204158.0,4088
206283.0,4088
210285.0,4086
203011.0,4085
210217.0,4082
211099.0,4080
205067.0,4079
210080.0,4079
204121.0,4078
204113.0,4078
210388.0,4078
210130.0,4077
204085.0,4076
207026.0,4076
203008.0,4075
208378.0,4074
205186.0,4073
210024.0,4071
203354.0,4068
208438.0,4068
208684.0,4068
201098.0,4064
208120.0,4064
208591.0,4064
210545.0,4062
203002.0,4059
208388.0,4059
208371.0,4057
208683.0,4057
201168.0,4056
205040.0,4053
210127.0,4053
210290.0,4053
201174.0,4052
208506.0,4052
208353.0,4049
208380.0,4048
208429.0,4047
203127.0,4044
208394.0,4044
201171.0,4043
208610.0,4043
201094.0,4041
205193.0,4041
210123.0,4041
208373.0,4040
210043.0,4040
211035.0,4038
208104.0,4037
203360.0,4036
207073.0,4034
208109.0,4034
208405.0,4032
201173.0,4031
204111.0,4031
201096.0,4029
208351.0,4028
211186.0,4028
208358.0,4027
211209.0,4026
211076.0,4025
205042.0,4024
201093.0,4023
205043.0,4023
208507.0,4022
208437.0,4020
210320.0,4020
210592.0,4018
210426.0,4017
208426.0,4014
210416.0,4014
211197.0,4013
208454.0,4012
208366.0,4011
211058.0,4010
208411.0,4009
208364.0,4009
208123.0,4008
201092.0,4007
211080.0,4006
207089.0,4005
208108.0,4005
208680.0,4005
208436.0,4002
203009.0,4000
201100.0,4000
208578.0,4000
208409.0,3998
204184.0,3997
204130.0,3996
208375.0,3996
208144.0,3994
210079.0,3994
210109.0,3993
205039.0,3992
208447.0,3992
205070.0,3991
210019.0,3991
208581.0,3991
211203.0,3991
201091.0,3990
211074.0,3990
205052.0,3989
205071.0,3989
210104.0,3989
210166.0,3989
210324.0,3989
205190.0,3988
211199.0,3987
208370.0,3986
211115.0,3986
205194.0,3984
207088.0,3983
204119.0,3978
205149.0,3978
205098.0,3977
208101.0,3977
210386.0,3977
203359.0,3976
203287.0,3976
205187.0,3976
210114.0,3976
211066.0,3975
201095.0,3971
208359.0,3971
203046.0,3970
208646.0,3970
210082.0,3968
208410.0,3967
208424.0,3967
201099.0,3966
208395.0,3966
203061.0,3965
205196.0,3965
208365.0,3965
210538.0,3965
203122.0,3964
208153.0,3963
210164.0,3962
210211.0,3962
211112.0,3960
201097.0,3958
210121.0,3958
207117.0,3956
204090.0,3955
205046.0,3954
210102.0,3953
203361.0,3952
210549.0,3952
207011.0,3951
208448.0,3951
208377.0,3949
205041.0,3948
203004.0,3947
208589.0,3945
208451.0,3944
204082.0,3941
210017.0,3941
207014.0,3940
208361.0,3940
211232.0,3940
203036.0,3939
211257.0,3938
204080.0,3937
204083.0,3937
208471.0,3937
202234.0,3935
211188.0,3934
203365.0,3932
208583.0,3932
208514.0,3932
203105.0,3931
208363.0,3931
210604.0,3931
208146.0,3930
208474.0,3930
208580.0,3930
210539.0,3929
208543.0,3928
210018.0,3927
203010.0,3926
205068.0,3926
205148.0,3926
208432.0,3926
207115.0,3925
201172.0,3924
208658.0,3922
211013.0,3922
208242.0,3920
210021.0,3915
208421.0,3914
202220.0,3912
208152.0,3912
210074.0,3912
203049.0,3911
201166.0,3911
210603.0,3910
203119.0,3907
210488.0,3906
203005.0,3902
208582.0,3901
211242.0,3899
203048.0,3896
210165.0,3895
210550.0,3893
210110.0,3892
203116.0,3891
208138.0,3890
205079.0,3889
208453.0,3889
208509.0,3888
205066.0,3886
211212.0,3886
210213.0,3884
210420.0,3883
210551.0,3881
210047.0,3880
201167.0,3879
205199.0,3878
207009.0,3875
208682.0,3874
204076.0,3873
205036.0,3872
208404.0,3872
210443.0,3872
201157.0,3870
204087.0,3870
204092.0,3869
208655.0,3866
208151.0,3865
211012.0,3865
203363.0,3863
207015.0,3863
207013.0,3860
211089.0,3859
203051.0,3856
205077.0,3856
207016.0,3855
210126.0,3855
204100.0,3853
208579.0,3853
205075.0,3852
208106.0,3851
208643.0,3851
210387.0,3851
203050.0,3848
203053.0,3847
207008.0,3847
204079.0,3846
208508.0,3843
204011.0,3840
210029.0,3840
210032.0,3840
204124.0,3837
205073.0,3836
208577.0,3835
208654.0,3835
210483.0,3835
205151.0,3834
204091.0,3833
204126.0,3833
208367.0,3833
208476.0,3833
201163.0,3832
206305.0,3830
206304.0,3829
205044.0,3828
205154.0,3828
205076.0,3826
208135.0,3826
208457.0,3826
202216.0,3825
205198.0,3825
205080.0,3823
204077.0,3822
207012.0,3822
208136.0,3822
208456.0,3820
211037.0,3820
211245.0,3818
208105.0,3816
202319.0,3814
210440.0,3814
210076.0,3812
203082.0,3811
205153.0,3811
208657.0,3811
211060.0,3811
210077.0,3810
205091.0,3809
206286.0,3809
211231.0,3809
208154.0,3807
208245.0,3806
210321.0,3806
210275.0,3806
205129.0,3805
211075.0,3805
204122.0,3804
208179.0,3804
208645.0,3802
206307.0,3801
208594.0,3799
208656.0,3798
210487.0,3798
210240.0,3798
211055.0,3798
206289.0,3797
202311.0,3795
205108.0,3795
210084.0,3795
208669.0,3795
208640.0,3795
210016.0,3794
210071.0,3793
211190.0,3793
208676.0,3792
208644.0,3791
208504.0,3790
211210.0,3790
208396.0,3789
210036.0,3789
205069.0,3788
211038.0,3788
210092.0,3787
203125.0,3786
210070.0,3786
208244.0,3785
206284.0,3781
208381.0,3780
206306.0,3779
208143.0,3779
208181.0,3779
208632.0,3779
202213.0,3778
208412.0,3778
203280.0,3777
208137.0,3774
205051.0,3773
208472.0,3773
211116.0,3772
205094.0,3768
207006.0,3768
208402.0,3768
210226.0,3766
205074.0,3765
211254.0,3764
211056.0,3764
208670.0,3763
208584.0,3763
205050.0,3762
210316.0,3762
208172.0,3761
208542.0,3761
210172.0,3760
203364.0,3759
207081.0,3757
208592.0,3757
208647.0,3757
210227.0,3757
208477.0,3756
206302.0,3755
208178.0,3753
211084.0,3753
203013.0,3752
210288.0,3752
202309.0,3750
210168.0,3748
211082.0,3748
203044.0,3747
204015.0,3745
208441.0,3744
203015.0,3743
203114.0,3743
203353.0,3742
208659.0,3741
211054.0,3741
211244.0,3739
210276.0,3738
202217.0,3737
211061.0,3737
210399.0,3734
208638.0,3733
210572.0,3733
210514.0,3733
211165.0,3732
202215.0,3731
205034.0,3730
205172.0,3730
205185.0,3730
205182.0,3729
208631.0,3728
203052.0,3727
210314.0,3724
207010.0,3723
208183.0,3723
208444.0,3722
204013.0,3721
203358.0,3720
207184.0,3720
202235.0,3719
208243.0,3719
208368.0,3718
208422.0,3717
210027.0,3717
210574.0,3717
208455.0,3715
210485.0,3713
210073.0,3712
206287.0,3711
208369.0,3711
208400.0,3710
211088.0,3710
205090.0,3709
211234.0,3709
201102.0,3707
208177.0,3707
208155.0,3707
208145.0,3707
210111.0,3706
206288.0,3705
208596.0,3705
205072.0,3704
203289.0,3704
204047.0,3703
208671.0,3703
211059.0,3703
208600.0,3701
204189.0,3697
208660.0,3697
210025.0,3697
211274.0,3697
211053.0,3697
211069.0,3696
203367.0,3694
208483.0,3693
205184.0,3692
208639.0,3692
206285.0,3691
210069.0,3691
210476.0,3691
211166.0,3690
211243.0,3690
208174.0,3689
205064.0,3688
203035.0,3685
205082.0,3685
208173.0,3684
210548.0,3684
205147.0,3683
203055.0,3682
210231.0,3682
203034.0,3681
208536.0,3681
210424.0,3680
202219.0,3679
202310.0,3678
203277.0,3678
203039.0,3674
201232.0,3673
205081.0,3673
210286.0,3673
210442.0,3672
201150.0,3671
207017.0,3671
208398.0,3671
203366.0,3669
210552.0,3669
208139.0,3668
208445.0,3668
203016.0,3667
203276.0,3667
208140.0,3667
204010.0,3665
210477.0,3665
210072.0,3663
203265.0,3661
211273.0,3661
208515.0,3660
208598.0,3658
210540.0,3658
208633.0,3657
210277.0,3655
203031.0,3654
210273.0,3654
204012.0,3653
205104.0,3653
208254.0,3653
203056.0,3651
201153.0,3651
203369.0,3651
205152.0,3649
203069.0,3648
201235.0,3648
208442.0,3645
203275.0,3644
208478.0,3643
208485.0,3643
211146.0,3643
203083.0,3642
203356.0,3641
205078.0,3641
210576.0,3641
211256.0,3638
206303.0,3637
203003.0,3636
203124.0,3635
206078.0,3634
203086.0,3633
205053.0,3633
208576.0,3632
203033.0,3631
203054.0,3631
208180.0,3630
210115.0,3630
210340.0,3629
211271.0,3628
208484.0,3627
202314.0,3626
205027.0,3626
211235.0,3626
203368.0,3625
203025.0,3624
208634.0,3624
211145.0,3623
211237.0,3620
210224.0,3619
204094.0,3618
208475.0,3618
211045.0,3618
203286.0,3616
210274.0,3615
211067.0,3615
211147.0,3614
211238.0,3613
210097.0,3612
208176.0,3610
210336.0,3610
211048.0,3610
203043.0,3608
208562.0,3608
210012.0,3607
203040.0,3606
210088.0,3606
210606.0,3603
202214.0,3602
203288.0,3602
210289.0,3602
208677.0,3601
210401.0,3600
206282.0,3599
208481.0,3599
205065.0,3598
205025.0,3598
211191.0,3598
208642.0,3597
210108.0,3597
208597.0,3597
210212.0,3597
208561.0,3596
210078.0,3595
205032.0,3594
208482.0,3593
208399.0,3593
208563.0,3593
211033.0,3593
208534.0,3592
211236.0,3592
208255.0,3590
210338.0,3590
206308.0,3589
208488.0,3589
211239.0,3589
203041.0,3588
205183.0,3587
208685.0,3586
204098.0,3585
210112.0,3585
210284.0,3584
208674.0,3582
203014.0,3579
210390.0,3579
203113.0,3578
201170.0,3578
204101.0,3578
206281.0,3578
208459.0,3578
210094.0,3578
201204.0,3577
210013.0,3577
206033.0,3575
210384.0,3575
208360.0,3573
210113.0,3573
202207.0,3572
202218.0,3571
201199.0,3571
208519.0,3571
205026.0,3570
208460.0,3569
208461.0,3569
203355.0,3568
201160.0,3566
208142.0,3566
204008.0,3565
205023.0,3565
204049.0,3565
203290.0,3564
208530.0,3564
203107.0,3563
201197.0,3562
208486.0,3562
208651.0,3562
211272.0,3562
205107.0,3561
205128.0,3561
210489.0,3561
210065.0,3560
208175.0,3559
210232.0,3558
210414.0,3557
210495.0,3557
208532.0,3556
210605.0,3556
203269.0,3555
204212.0,3555
208641.0,3555
206290.0,3553
208141.0,3553
208518.0,3553
210215.0,3553
210230.0,3553
208653.0,3552
210511.0,3551
201164.0,3550
206030.0,3550
208171.0,3549
202210.0,3548
210533.0,3546
210484.0,3545
210391.0,3545
204120.0,3544
203284.0,3543
208401.0,3543
205157.0,3541
211169.0,3541
205156.0,3540
211168.0,3539
205024.0,3537
208575.0,3537
211228.0,3537
202312.0,3536
201154.0,3535
204207.0,3535
210353.0,3535
204179.0,3534
206102.0,3534
203062.0,3533
208458.0,3530
210106.0,3529
203362.0,3528
201237.0,3526
204215.0,3526
208446.0,3526
210243.0,3526
201169.0,3523
205179.0,3522
208661.0,3521
210225.0,3520
208516.0,3518
210163.0,3517
211275.0,3516
211248.0,3515
204048.0,3513
210491.0,3513
210351.0,3513
203104.0,3511
204123.0,3511
205178.0,3511
204009.0,3510
210214.0,3510
208675.0,3509
208256.0,3508
210490.0,3508
211120.0,3508
210075.0,3507
205127.0,3506
207149.0,3506
208531.0,3506
210437.0,3506
208673.0,3505
208241.0,3503
203282.0,3502
211246.0,3502
204174.0,3501
205028.0,3499
203042.0,3496
210101.0,3494
210397.0,3491
211117.0,3491
201162.0,3490
205033.0,3490
210479.0,3489
202318.0,3486
208672.0,3486
210486.0,3486
208574.0,3485
208533.0,3481
211028.0,3480
211036.0,3480
210512.0,3479
208517.0,3478
204175.0,3477
210229.0,3475
201233.0,3474
204089.0,3472
202308.0,3471
204096.0,3471
204093.0,3471
208443.0,3471
204132.0,3470
210494.0,3470
204131.0,3468
210233.0,3468
211163.0,3468
201103.0,3466
208649.0,3466
211167.0,3466
201148.0,3465
201161.0,3465
208678.0,3461
210535.0,3461
204210.0,3460
210045.0,3460
205173.0,3458
208650.0,3457
204014.0,3456
210434.0,3456
210245.0,3456
205177.0,3455
201248.0,3453
205022.0,3453
203350.0,3452
208253.0,3452
210068.0,3452
210228.0,3452
204127.0,3450
203372.0,3450
210342.0,3448
208252.0,3447
210400.0,3447
204213.0,3446
210493.0,3445
206034.0,3444
203285.0,3443
211040.0,3442
203371.0,3441
205110.0,3441
204097.0,3440
204206.0,3439
211042.0,3438
205155.0,3437
211043.0,3436
202209.0,3435
204045.0,3434
201244.0,3433
204217.0,3433
201198.0,3432
202307.0,3432
203273.0,3432
204211.0,3432
204214.0,3431
211016.0,3430
201106.0,3429
210246.0,3429
208535.0,3428
206031.0,3427
210170.0,3426
206029.0,3425
210234.0,3422
208652.0,3421
201206.0,3420
202208.0,3419
211164.0,3418
203272.0,3417
211122.0,3415
210532.0,3414
210478.0,3413
210516.0,3413
210423.0,3406
210337.0,3406
208599.0,3405
210482.0,3404
204095.0,3402
208595.0,3402
211064.0,3402
210221.0,3401
211123.0,3401
203274.0,3400
210341.0,3398
205096.0,3397
205099.0,3396
208462.0,3395
205176.0,3394
211015.0,3394
211170.0,3393
203351.0,3391
205158.0,3390
205174.0,3389
211144.0,3386
210352.0,3384
210349.0,3381
211057.0,3380
208271.0,3379
203279.0,3378
202301.0,3376
205146.0,3375
201239.0,3374
201203.0,3373
210244.0,3372
211148.0,3371
211192.0,3371
208257.0,3370
203270.0,3368
206295.0,3363
210272.0,3363
201236.0,3361
211049.0,3360
210578.0,3358
203017.0,3357
206035.0,3357
210203.0,3356
204081.0,3354
210223.0,3352
211124.0,3351
204208.0,3350
203103.0,3349
204046.0,3349
203037.0,3347
206032.0,3347
203370.0,3346
211230.0,3344
210219.0,3343
205112.0,3342
203352.0,3339
205083.0,3337
201144.0,3336
211047.0,3336
205035.0,3335
210146.0,3335
211226.0,3335
201234.0,3334
201145.0,3334
208487.0,3332
204099.0,3331
210033.0,3331
210339.0,3331
210107.0,3330
210463.0,3330
211247.0,3329
204173.0,3328
210305.0,3328
208637.0,3325
210513.0,3325
203374.0,3324
203121.0,3322
205031.0,3321
210287.0,3321
211044.0,3320
201245.0,3319
203066.0,3316
210481.0,3315
201247.0,3314
210308.0,3313
206080.0,3309
206296.0,3309
202221.0,3307
205145.0,3307
205175.0,3307
210096.0,3306
210087.0,3304
203267.0,3303
208403.0,3302
210050.0,3302
201155.0,3301
210306.0,3300
201107.0,3298
203281.0,3297
210143.0,3297
210515.0,3297
205088.0,3296
204177.0,3295
210184.0,3294
210496.0,3290
210492.0,3290
210269.0,3290
210160.0,3289
201202.0,3288
203283.0,3286
205106.0,3286
210454.0,3286
201143.0,3285
204172.0,3285
205097.0,3284
211277.0,3284
203268.0,3283
205030.0,3280
202212.0,3278
201149.0,3277
210239.0,3276
204125.0,3268
206294.0,3268
210049.0,3268
203102.0,3266
210089.0,3266
210303.0,3266
210142.0,3265
203348.0,3263
201109.0,3262
210335.0,3262
204209.0,3258
210302.0,3258
210048.0,3257
211083.0,3251
204204.0,3247
211118.0,3246
210575.0,3244
201146.0,3242
210271.0,3242
201238.0,3237
202302.0,3236
204006.0,3233
205181.0,3232
211132.0,3227
210473.0,3226
206036.0,3225
208307.0,3225
201200.0,3224
205131.0,3224
202313.0,3223
211162.0,3218
201240.0,3216
208601.0,3214
211224.0,3214
204218.0,3209
210474.0,3209
205180.0,3208
206079.0,3206
210531.0,3206
201192.0,3204
203346.0,3203
201196.0,3202
210116.0,3202
201246.0,3200
203067.0,3200
205171.0,3199
208306.0,3197
210433.0,3191
203038.0,3190
210382.0,3190
210455.0,3187
206297.0,3183
210419.0,3182
201116.0,3176
208305.0,3174
211258.0,3174
206028.0,3170
210236.0,3169
210475.0,3167
204205.0,3166
206104.0,3166
210162.0,3166
210418.0,3166
208273.0,3165
206024.0,3162
208304.0,3162
203264.0,3161
211143.0,3160
204044.0,3159
210066.0,3157
211229.0,3157
202211.0,3151
210183.0,3151
210304.0,3150
203101.0,3147
206099.0,3147
204191.0,3146
211063.0,3146
211249.0,3146
203029.0,3139
205130.0,3138
206101.0,3138
206018.0,3136
210216.0,3134
211259.0,3132
203110.0,3130
206027.0,3130
203262.0,3129
211133.0,3128
210085.0,3126
210541.0,3126
210380.0,3121
205021.0,3119
210008.0,3119
201151.0,3117
203032.0,3117
210267.0,3117
201225.0,3116
210141.0,3113
208272.0,3112
203065.0,3109
210344.0,3109
201142.0,3108
203263.0,3108
211121.0,3108
208648.0,3107
201195.0,3106
210350.0,3105
203109.0,3104
210144.0,3103
205133.0,3101
208274.0,3101
211223.0,3101
201105.0,3099
203266.0,3099
203106.0,3099
210577.0,3099
210185.0,3099
210438.0,3097
201111.0,3095
205109.0,3095
208303.0,3094
210095.0,3094
203344.0,3093
201113.0,3090
208275.0,3090
210347.0,3087
210161.0,3085
206077.0,3084
208331.0,3084
208314.0,3082
204203.0,3081
203349.0,3080
208315.0,3080
210456.0,3078
210307.0,3078
201115.0,3077
201124.0,3076
208332.0,3074
201243.0,3073
211100.0,3072
206026.0,3071
210057.0,3068
210147.0,3068
201201.0,3067
211134.0,3067
201205.0,3066
210378.0,3064
210379.0,3063
206103.0,3060
204042.0,3058
206021.0,3054
211017.0,3054
208251.0,3052
211262.0,3052
201165.0,3049
208316.0,3049
211276.0,3045
211250.0,3043
204007.0,3042
211019.0,3042
204004.0,3038
211252.0,3037
210145.0,3035
210417.0,3035
210131.0,3031
203260.0,3030
203255.0,3030
204176.0,3030
206020.0,3030
210432.0,3029
211225.0,3029
211260.0,3029
210385.0,3025
203373.0,3023
210348.0,3022
210435.0,3022
208276.0,3021
203028.0,3020
205102.0,3017
210266.0,3016
210059.0,3015
210237.0,3014
211280.0,3014
210270.0,3012
210398.0,3012
206022.0,3011
210331.0,3011
203068.0,3008
202303.0,3007
211131.0,3006
210158.0,3005
210346.0,3003
204002.0,3000
201147.0,2998
203073.0,2994
208308.0,2988
210180.0,2988
210301.0,2987
205111.0,2986
210536.0,2985
208261.0,2984
201221.0,2983
203030.0,2972
210431.0,2971
204194.0,2968
203375.0,2967
208313.0,2967
208267.0,2966
210343.0,2965
210300.0,2965
206023.0,2961
208268.0,2960
210169.0,2960
211263.0,2958
211227.0,2956
206002.0,2954
211119.0,2953
201220.0,2951
211151.0,2951
201184.0,2950
204183.0,2947
206017.0,2946
210260.0,2943
201222.0,2942
201218.0,2942
204005.0,2942
211152.0,2942
211065.0,2940
210159.0,2939
203376.0,2938
206052.0,2938
205143.0,2935
204216.0,2934
201181.0,2931
204001.0,2931
206051.0,2931
204198.0,2929
211154.0,2929
203258.0,2928
206025.0,2927
201127.0,2925
211282.0,2922
208333.0,2921
203261.0,2919
205132.0,2918
203347.0,2917
211261.0,2917
204003.0,2915
210468.0,2915
210415.0,2915
208679.0,2914
201112.0,2909
206076.0,2909
201224.0,2904
210427.0,2904
211279.0,2900
201141.0,2897
201219.0,2896
208262.0,2895
203339.0,2892
210157.0,2892
210181.0,2892
202306.0,2890
211159.0,2889
210009.0,2888
210333.0,2888
210182.0,2887
206093.0,2885
210345.0,2885
201125.0,2884
206095.0,2883
203345.0,2882
203024.0,2881
208280.0,2881
208269.0,2878
203259.0,2876
201108.0,2875
210006.0,2875
206094.0,2872
208263.0,2872
203111.0,2871
205141.0,2871
201216.0,2868
211251.0,2868
210264.0,2867
203108.0,2863
206055.0,2860
210332.0,2860
205144.0,2858
205101.0,2858
201217.0,2856
201118.0,2854
210004.0,2854
210262.0,2853
210428.0,2851
211046.0,2848
208264.0,2846
208286.0,2846
204219.0,2845
201120.0,2844
210201.0,2844
205142.0,2842
201188.0,2837
210238.0,2837
208266.0,2833
208284.0,2833
210015.0,2832
205134.0,2830
210430.0,2828
203071.0,2824
210058.0,2824
201194.0,2820
210156.0,2818
203027.0,2817
210060.0,2816
206096.0,2814
211153.0,2813
210425.0,2810
211264.0,2809
210005.0,2807
202305.0,2798
203377.0,2798
210265.0,2796
201186.0,2794
206019.0,2794
203077.0,2790
206016.0,2789
211265.0,2784
201185.0,2780
206092.0,2780
206075.0,2779
210299.0,2778
208279.0,2776
201183.0,2775
208285.0,2775
211149.0,2775
203026.0,2773
211150.0,2772
201119.0,2770
210261.0,2770
210375.0,2764
205140.0,2763
210374.0,2763
201156.0,2762
210472.0,2761
210258.0,2758
201128.0,2757
210334.0,2757
210373.0,2757
201215.0,2754
201182.0,2754
206053.0,2750
203342.0,2748
210002.0,2746
201187.0,2744
208270.0,2743
201129.0,2742
211222.0,2736
203338.0,2733
201126.0,2732
211221.0,2732
208265.0,2730
210064.0,2726
210466.0,2725
208283.0,2723
208282.0,2722
206054.0,2716
211281.0,2716
208309.0,2715
201228.0,2712
203020.0,2710
206056.0,2709
201130.0,2706
201121.0,2705
203021.0,2702
203337.0,2701
211278.0,2701
201214.0,2699
201193.0,2697
210007.0,2697
201230.0,2692
203257.0,2690
210471.0,2689
211253.0,2688
204180.0,2687
201189.0,2685
211266.0,2680
210376.0,2678
210179.0,2675
206073.0,2674
206074.0,2674
206097.0,2673
208281.0,2673
210137.0,2673
201114.0,2672
203023.0,2671
211157.0,2669
204196.0,2668
210458.0,2665
201131.0,2664
210220.0,2664
201231.0,2662
210003.0,2661
203341.0,2659
207144.0,2657
210134.0,2657
211156.0,2655
205139.0,2654
210178.0,2654
201212.0,2653
211158.0,2653
210132.0,2652
204178.0,2646
210177.0,2642
201227.0,2640
210480.0,2639
211285.0,2639
204195.0,2638
203252.0,2637
201190.0,2636
210291.0,2636
210133.0,2632
210136.0,2632
210010.0,2629
210470.0,2628
205105.0,2627
210298.0,2627
210263.0,2626
210469.0,2619
201213.0,2618
205135.0,2618
211155.0,2615
201132.0,2612
210176.0,2612
210293.0,2608
210257.0,2603
204199.0,2598
205137.0,2598
210001.0,2591
210135.0,2590
206057.0,2589
210175.0,2586
201211.0,2579
210014.0,2578
201191.0,2575
203336.0,2575
205138.0,2575
210292.0,2571
203335.0,2563
204202.0,2561
206072.0,2561
210011.0,2559
203253.0,2558
211135.0,2558
204192.0,2553
206001.0,2552
211291.0,2547
206005.0,2542
201229.0,2541
211290.0,2541
210030.0,2538
203254.0,2534
203256.0,2530
203018.0,2530
203251.0,2528
211283.0,2526
203331.0,2521
210254.0,2518
211141.0,2516
210255.0,2506
204181.0,2503
210381.0,2503
211018.0,2502
211139.0,2498
203334.0,2485
204193.0,2484
203378.0,2484
210297.0,2482
203332.0,2481
204188.0,2480
210253.0,2478
211287.0,2474
210377.0,2463
203019.0,2460
203333.0,2458
205136.0,2456
211284.0,2453
210252.0,2451
210295.0,2450
201226.0,2437
203340.0,2436
210256.0,2436
210429.0,2425
211031.0,2421
211140.0,2420
203022.0,2408
206071.0,2406
211137.0,2402
204182.0,2400
211142.0,2388
204197.0,2387
210421.0,2383
211289.0,2382
204201.0,2363
210200.0,2361
211136.0,2360
211138.0,2350
203379.0,2331
210467.0,2331
210155.0,2328
206003.0,2325
210251.0,2316
206004.0,2308
211288.0,2300
206014.0,2298
210038.0,2286
202304.0,2280
211286.0,2280
210294.0,2273
210199.0,2268
210296.0,2265
210086.0,2256
211020.0,2241
201117.0,2236
210372.0,2224
204186.0,2175
206070.0,2163
206006.0,2140
203380.0,2138
210198.0,2113
206015.0,2054
210154.0,2044
206060.0,2020
206069.0,2006
210023.0,2000
210153.0,1993
211023.0,1980
206058.0,1950
206012.0,1931
210189.0,1924
206007.0,1900
210197.0,1843
206068.0,1827
203381.0,1805
210196.0,1796
211025.0,1752
206011.0,1745
206066.0,1733
211161.0,1725
210188.0,1700
210152.0,1698
206061.0,1685
206013.0,1650
206067.0,1645
210195.0,1627
206010.0,1614
206059.0,1578
210464.0,1575
210190.0,1574
210462.0,1566
206065.0,1532
210148.0,1493
210151.0,1477
210149.0,1467
206062.0,1463
210192.0,1460
210194.0,1459
210150.0,1451
206009.0,1448
206064.0,1439
206063.0,1382
204043.0,1380
206008.0,1365
210191.0,1345
210193.0,1295
207172.0,1170
