berthage,section
201214.0,招商路(蛇口西段)
201229.0,招商路(蛇口西段)
201094.0,荔园路(蛇口西段)
203016.0,四海路
203109.0,后海大道辅道(蛇口北段)
203056.0,四海路
201161.0,荔园路(蛇口西段)
202234.0,金世纪路
202304.0,海月路(东段)
203126.0,后海大道辅道(蛇口北段)
203255.0,荔园路(蛇口东段)
202310.0,海月路(东段)
202214.0,金世纪路
203268.0,荔园路(蛇口东段)
205022.0,后海大道辅道(后海段)
204184.0,海德二道（南油段）
205031.0,后海大道辅道(后海段)
203334.0,工业九路
204066.0,创业路(南油段)
203377.0,工业九路
204096.0,创业路(南油段)
204004.0,南新路
204006.0,南新路
204176.0,海德二道（南油段）
205133.0,登良路
206036.0,常兴路
206021.0,常兴路
205202.0,龙城路
205199.0,龙城路
205132.0,登良路
206099.0,学府路(前海段)
206102.0,学府路(前海段)
205129.0,华明路
206287.0,南头街
206281.0,南头街
205127.0,华明路
207069.0,中心路(后海湾段)
207071.0,中心路(后海湾段)
207084.0,创业路(后海湾段)
208108.0,文心一路
208136.0,文心二路
208262.0,文心四路
208182.0,文心二路
208242.0,文心三路
207149.0,海德一道(后海湾段)
207146.0,海德一道(后海湾段)
207088.0,创业路(后海湾段)
208253.0,文心三路
208106.0,文心一路
208261.0,文心四路
208445.0,创业路辅道
208504.0,海德一道
208394.0,文心六路
208384.0,文心六路
208429.0,创业路辅道
208307.0,文心五路
208483.0,海德一道
208306.0,文心五路
208640.0,海德三道
208659.0,海德三道
210095.0,高新南环路
210082.0,高新南环路
208579.0,海德二道
210122.0,科技南路
210129.0,科技南路
208617.0,海德二道
210349.0,高新南十一道
210459.0,高新南十道
210494.0,高新南十道
210513.0,高新南九道
211035.0,科技南一路
210388.0,高新南十一道
211024.0,科技南一路
210538.0,高新南九道
211143.0,科技南十路
211198.0,高新南七道
211155.0,科技南十路
211249.0,高新南四道
211234.0,高新南五道
211271.0,高新南三道
211186.0,高新南七道
211237.0,高新南五道
211278.0,高新南三道
211254.0,高新南四道
211170.0,科技南十二路
211167.0,科技南十二路
201218.0,招商路(蛇口西段)
203008.0,四海路
203031.0,四海路
201129.0,荔园路(蛇口西段)
201244.0,招商路(蛇口西段)
203063.0,后海大道辅道(蛇口北段)
203048.0,四海路
201125.0,荔园路(蛇口西段)
201246.0,招商路(蛇口西段)
201182.0,招商路(蛇口西段)
201213.0,招商路(蛇口西段)
203120.0,后海大道辅道(蛇口北段)
201206.0,招商路(蛇口西段)
201237.0,招商路(蛇口西段)
201239.0,招商路(蛇口西段)
203006.0,四海路
203113.0,后海大道辅道(蛇口北段)
203017.0,四海路
201245.0,招商路(蛇口西段)
201185.0,招商路(蛇口西段)
201196.0,招商路(蛇口西段)
203118.0,后海大道辅道(蛇口北段)
201165.0,荔园路(蛇口西段)
203127.0,后海大道辅道(蛇口北段)
203075.0,后海大道辅道(蛇口北段)
203122.0,后海大道辅道(蛇口北段)
202212.0,金世纪路
203116.0,后海大道辅道(蛇口北段)
201108.0,荔园路(蛇口西段)
201156.0,荔园路(蛇口西段)
203061.0,后海大道辅道(蛇口北段)
201096.0,荔园路(蛇口西段)
203123.0,后海大道辅道(蛇口北段)
203025.0,四海路
201113.0,荔园路(蛇口西段)
202221.0,金世纪路
201168.0,荔园路(蛇口西段)
203004.0,四海路
201204.0,招商路(蛇口西段)
202235.0,金世纪路
203038.0,四海路
203052.0,四海路
203070.0,后海大道辅道(蛇口北段)
203101.0,后海大道辅道(蛇口北段)
203106.0,后海大道辅道(蛇口北段)
201221.0,招商路(蛇口西段)
201226.0,招商路(蛇口西段)
201169.0,荔园路(蛇口西段)
201203.0,招商路(蛇口西段)
203073.0,后海大道辅道(蛇口北段)
202311.0,海月路(东段)
202211.0,金世纪路
203011.0,四海路
201120.0,荔园路(蛇口西段)
201118.0,荔园路(蛇口西段)
201155.0,荔园路(蛇口西段)
202216.0,金世纪路
201243.0,招商路(蛇口西段)
203046.0,四海路
203019.0,四海路
201121.0,荔园路(蛇口西段)
203078.0,后海大道辅道(蛇口北段)
201166.0,荔园路(蛇口西段)
201201.0,招商路(蛇口西段)
201181.0,招商路(蛇口西段)
202213.0,金世纪路
201105.0,荔园路(蛇口西段)
201147.0,荔园路(蛇口西段)
201189.0,招商路(蛇口西段)
203077.0,后海大道辅道(蛇口北段)
203088.0,后海大道辅道(蛇口北段)
201217.0,招商路(蛇口西段)
202218.0,金世纪路
201184.0,招商路(蛇口西段)
203115.0,后海大道辅道(蛇口北段)
203065.0,后海大道辅道(蛇口北段)
203251.0,荔园路(蛇口东段)
203054.0,四海路
202217.0,金世纪路
203040.0,四海路
201149.0,荔园路(蛇口西段)
201093.0,荔园路(蛇口西段)
201106.0,荔园路(蛇口西段)
203036.0,四海路
203026.0,四海路
203265.0,荔园路(蛇口东段)
202301.0,海月路(东段)
203257.0,荔园路(蛇口东段)
203264.0,荔园路(蛇口东段)
201193.0,招商路(蛇口西段)
201205.0,招商路(蛇口西段)
203262.0,荔园路(蛇口东段)
201151.0,荔园路(蛇口西段)
202209.0,金世纪路
203035.0,四海路
201173.0,荔园路(蛇口西段)
201238.0,招商路(蛇口西段)
201102.0,荔园路(蛇口西段)
202303.0,海月路(东段)
203020.0,四海路
202309.0,海月路(东段)
203119.0,后海大道辅道(蛇口北段)
201148.0,荔园路(蛇口西段)
203263.0,荔园路(蛇口东段)
202302.0,海月路(东段)
202318.0,海月路(东段)
203043.0,四海路
203053.0,四海路
201248.0,招商路(蛇口西段)
202312.0,海月路(东段)
202306.0,海月路(东段)
201142.0,荔园路(蛇口西段)
203080.0,后海大道辅道(蛇口北段)
202232.0,金世纪路
203110.0,后海大道辅道(蛇口北段)
201127.0,荔园路(蛇口西段)
201160.0,荔园路(蛇口西段)
201219.0,招商路(蛇口西段)
202305.0,海月路(东段)
203085.0,后海大道辅道(蛇口北段)
201232.0,招商路(蛇口西段)
202233.0,金世纪路
203125.0,后海大道辅道(蛇口北段)
201146.0,荔园路(蛇口西段)
203044.0,四海路
201141.0,荔园路(蛇口西段)
201230.0,招商路(蛇口西段)
201111.0,荔园路(蛇口西段)
201171.0,荔园路(蛇口西段)
203012.0,四海路
203015.0,四海路
201192.0,招商路(蛇口西段)
201220.0,招商路(蛇口西段)
201247.0,招商路(蛇口西段)
202308.0,海月路(东段)
203074.0,后海大道辅道(蛇口北段)
203103.0,后海大道辅道(蛇口北段)
203081.0,后海大道辅道(蛇口北段)
203111.0,后海大道辅道(蛇口北段)
203112.0,后海大道辅道(蛇口北段)
203124.0,后海大道辅道(蛇口北段)
201103.0,荔园路(蛇口西段)
201225.0,招商路(蛇口西段)
201126.0,荔园路(蛇口西段)
203022.0,四海路
201154.0,荔园路(蛇口西段)
201164.0,荔园路(蛇口西段)
202313.0,海月路(东段)
203067.0,后海大道辅道(蛇口北段)
203270.0,荔园路(蛇口东段)
203069.0,后海大道辅道(蛇口北段)
201159.0,荔园路(蛇口西段)
201191.0,招商路(蛇口西段)
201202.0,招商路(蛇口西段)
203087.0,后海大道辅道(蛇口北段)
201227.0,招商路(蛇口西段)
203023.0,四海路
201097.0,荔园路(蛇口西段)
201130.0,荔园路(蛇口西段)
203066.0,后海大道辅道(蛇口北段)
202314.0,海月路(东段)
203108.0,后海大道辅道(蛇口北段)
201095.0,荔园路(蛇口西段)
201167.0,荔园路(蛇口西段)
203049.0,四海路
201099.0,荔园路(蛇口西段)
203055.0,四海路
203001.0,四海路
201234.0,招商路(蛇口西段)
201172.0,荔园路(蛇口西段)
203064.0,后海大道辅道(蛇口北段)
203252.0,荔园路(蛇口东段)
203253.0,荔园路(蛇口东段)
201091.0,荔园路(蛇口西段)
202220.0,金世纪路
202315.0,海月路(东段)
203024.0,四海路
203029.0,四海路
203007.0,四海路
203260.0,荔园路(蛇口东段)
203269.0,荔园路(蛇口东段)
201195.0,招商路(蛇口西段)
201228.0,招商路(蛇口西段)
201188.0,招商路(蛇口西段)
201235.0,招商路(蛇口西段)
203051.0,四海路
201197.0,招商路(蛇口西段)
201115.0,荔园路(蛇口西段)
203030.0,四海路
203034.0,四海路
201190.0,招商路(蛇口西段)
201231.0,招商路(蛇口西段)
202319.0,海月路(东段)
203083.0,后海大道辅道(蛇口北段)
201240.0,招商路(蛇口西段)
203068.0,后海大道辅道(蛇口北段)
203117.0,后海大道辅道(蛇口北段)
203121.0,后海大道辅道(蛇口北段)
203258.0,荔园路(蛇口东段)
203082.0,后海大道辅道(蛇口北段)
203107.0,后海大道辅道(蛇口北段)
201098.0,荔园路(蛇口西段)
201114.0,荔园路(蛇口西段)
203084.0,后海大道辅道(蛇口北段)
203254.0,荔园路(蛇口东段)
203086.0,后海大道辅道(蛇口北段)
203021.0,四海路
201222.0,招商路(蛇口西段)
203072.0,后海大道辅道(蛇口北段)
201236.0,招商路(蛇口西段)
201215.0,招商路(蛇口西段)
202215.0,金世纪路
203002.0,四海路
203114.0,后海大道辅道(蛇口北段)
201117.0,荔园路(蛇口西段)
201119.0,荔园路(蛇口西段)
201128.0,荔园路(蛇口西段)
201132.0,荔园路(蛇口西段)
203005.0,四海路
202307.0,海月路(东段)
203273.0,荔园路(蛇口东段)
202210.0,金世纪路
203041.0,四海路
201145.0,荔园路(蛇口西段)
203039.0,四海路
203128.0,后海大道辅道(蛇口北段)
201186.0,招商路(蛇口西段)
203261.0,荔园路(蛇口东段)
203105.0,后海大道辅道(蛇口北段)
201187.0,招商路(蛇口西段)
201157.0,荔园路(蛇口西段)
201183.0,招商路(蛇口西段)
203028.0,四海路
203089.0,后海大道辅道(蛇口北段)
203018.0,四海路
201216.0,招商路(蛇口西段)
201124.0,荔园路(蛇口西段)
201162.0,荔园路(蛇口西段)
203010.0,四海路
203272.0,荔园路(蛇口东段)
201158.0,荔园路(蛇口西段)
201109.0,荔园路(蛇口西段)
203050.0,四海路
203042.0,四海路
203076.0,后海大道辅道(蛇口北段)
201144.0,荔园路(蛇口西段)
201194.0,招商路(蛇口西段)
201212.0,招商路(蛇口西段)
203267.0,荔园路(蛇口东段)
203062.0,后海大道辅道(蛇口北段)
201198.0,招商路(蛇口西段)
203259.0,荔园路(蛇口东段)
201233.0,招商路(蛇口西段)
202219.0,金世纪路
202207.0,金世纪路
201170.0,荔园路(蛇口西段)
201199.0,招商路(蛇口西段)
201200.0,招商路(蛇口西段)
201211.0,招商路(蛇口西段)
203003.0,四海路
201100.0,荔园路(蛇口西段)
201112.0,荔园路(蛇口西段)
201224.0,招商路(蛇口西段)
203014.0,四海路
201143.0,荔园路(蛇口西段)
201116.0,荔园路(蛇口西段)
203013.0,四海路
203045.0,四海路
203079.0,后海大道辅道(蛇口北段)
202316.0,海月路(东段)
203266.0,荔园路(蛇口东段)
201153.0,荔园路(蛇口西段)
201174.0,荔园路(蛇口西段)
203102.0,后海大道辅道(蛇口北段)
202208.0,金世纪路
202317.0,海月路(东段)
203027.0,四海路
203032.0,四海路
203090.0,后海大道辅道(蛇口北段)
201150.0,荔园路(蛇口西段)
201163.0,荔园路(蛇口西段)
201131.0,荔园路(蛇口西段)
203009.0,四海路
203104.0,后海大道辅道(蛇口北段)
201092.0,荔园路(蛇口西段)
201107.0,荔园路(蛇口西段)
203037.0,四海路
203256.0,荔园路(蛇口东段)
203033.0,四海路
203071.0,后海大道辅道(蛇口北段)
203352.0,工业九路
205045.0,后海大道辅道(后海段)
205089.0,后海大道辅道(后海段)
203296.0,荔园路(蛇口东段)
205097.0,后海大道辅道(后海段)
203338.0,工业九路
203344.0,工业九路
204086.0,创业路(南油段)
204061.0,创业路(南油段)
205064.0,后海大道辅道(后海段)
204174.0,海德二道（南油段）
205074.0,后海大道辅道(后海段)
204175.0,海德二道（南油段）
205078.0,后海大道辅道(后海段)
204189.0,海德二道（南油段）
205025.0,后海大道辅道(后海段)
205037.0,后海大道辅道(后海段)
203355.0,工业九路
204193.0,海德二道（南油段）
205065.0,后海大道辅道(后海段)
203287.0,荔园路(蛇口东段)
203379.0,工业九路
205036.0,后海大道辅道(后海段)
204119.0,创业路(南油段)
205051.0,后海大道辅道(后海段)
203279.0,荔园路(蛇口东段)
204115.0,创业路(南油段)
204202.0,海德二道（南油段）
204219.0,海德二道（南油段）
205039.0,后海大道辅道(后海段)
204206.0,海德二道（南油段）
204078.0,创业路(南油段)
204125.0,创业路(南油段)
205095.0,后海大道辅道(后海段)
204135.0,创业路(南油段)
204182.0,海德二道（南油段）
203277.0,荔园路(蛇口东段)
204047.0,南新路
204130.0,创业路(南油段)
205080.0,后海大道辅道(后海段)
203300.0,荔园路(蛇口东段)
204093.0,创业路(南油段)
203363.0,工业九路
204183.0,海德二道（南油段）
205070.0,后海大道辅道(后海段)
204131.0,创业路(南油段)
204205.0,海德二道（南油段）
205066.0,后海大道辅道(后海段)
205044.0,后海大道辅道(后海段)
203274.0,荔园路(蛇口东段)
203292.0,荔园路(蛇口东段)
203378.0,工业九路
204201.0,海德二道（南油段）
205091.0,后海大道辅道(后海段)
204188.0,海德二道（南油段）
203362.0,工业九路
204214.0,海德二道（南油段）
203275.0,荔园路(蛇口东段)
203335.0,工业九路
204216.0,海德二道（南油段）
205072.0,后海大道辅道(后海段)
203301.0,荔园路(蛇口东段)
204083.0,创业路(南油段)
204159.0,创业路(南油段)
204069.0,创业路(南油段)
204209.0,海德二道（南油段）
203278.0,荔园路(蛇口东段)
203375.0,工业九路
205053.0,后海大道辅道(后海段)
203346.0,工业九路
204091.0,创业路(南油段)
204090.0,创业路(南油段)
204092.0,创业路(南油段)
205082.0,后海大道辅道(后海段)
205093.0,后海大道辅道(后海段)
203299.0,荔园路(蛇口东段)
205096.0,后海大道辅道(后海段)
203357.0,工业九路
204014.0,南新路
204048.0,南新路
204094.0,创业路(南油段)
203356.0,工业九路
204011.0,南新路
204199.0,海德二道（南油段）
205084.0,后海大道辅道(后海段)
204002.0,南新路
204003.0,南新路
204067.0,创业路(南油段)
204085.0,创业路(南油段)
205073.0,后海大道辅道(后海段)
205090.0,后海大道辅道(后海段)
205068.0,后海大道辅道(后海段)
203366.0,工业九路
204077.0,创业路(南油段)
204010.0,南新路
203370.0,工业九路
204210.0,海德二道（南油段）
204212.0,海德二道（南油段）
205071.0,后海大道辅道(后海段)
204113.0,创业路(南油段)
204194.0,海德二道（南油段）
205069.0,后海大道辅道(后海段)
204087.0,创业路(南油段)
204080.0,创业路(南油段)
205027.0,后海大道辅道(后海段)
203289.0,荔园路(蛇口东段)
204127.0,创业路(南油段)
205087.0,后海大道辅道(后海段)
204062.0,创业路(南油段)
204129.0,创业路(南油段)
203284.0,荔园路(蛇口东段)
204049.0,南新路
204124.0,创业路(南油段)
203286.0,荔园路(蛇口东段)
203333.0,工业九路
203336.0,工业九路
203354.0,工业九路
204121.0,创业路(南油段)
204157.0,创业路(南油段)
205098.0,后海大道辅道(后海段)
203288.0,荔园路(蛇口东段)
203365.0,工业九路
204134.0,创业路(南油段)
205030.0,后海大道辅道(后海段)
203340.0,工业九路
203353.0,工业九路
203358.0,工业九路
204154.0,创业路(南油段)
204177.0,海德二道（南油段）
205088.0,后海大道辅道(后海段)
204043.0,南新路
204089.0,创业路(南油段)
205041.0,后海大道辅道(后海段)
203350.0,工业九路
204114.0,创业路(南油段)
204156.0,创业路(南油段)
204198.0,海德二道（南油段）
203380.0,工业九路
203283.0,荔园路(蛇口东段)
204128.0,创业路(南油段)
203351.0,工业九路
203369.0,工业九路
204097.0,创业路(南油段)
204173.0,海德二道（南油段）
203285.0,荔园路(蛇口东段)
204044.0,南新路
204155.0,创业路(南油段)
205035.0,后海大道辅道(后海段)
205076.0,后海大道辅道(后海段)
204095.0,创业路(南油段)
203332.0,工业九路
205024.0,后海大道辅道(后海段)
205048.0,后海大道辅道(后海段)
205081.0,后海大道辅道(后海段)
203295.0,荔园路(蛇口东段)
203373.0,工业九路
204179.0,海德二道（南油段）
204079.0,创业路(南油段)
205042.0,后海大道辅道(后海段)
204005.0,南新路
204207.0,海德二道（南油段）
205094.0,后海大道辅道(后海段)
204192.0,海德二道（南油段）
204186.0,海德二道（南油段）
204068.0,创业路(南油段)
204101.0,创业路(南油段)
205023.0,后海大道辅道(后海段)
203364.0,工业九路
204009.0,南新路
204132.0,创业路(南油段)
205075.0,后海大道辅道(后海段)
203367.0,工业九路
205033.0,后海大道辅道(后海段)
205077.0,后海大道辅道(后海段)
205083.0,后海大道辅道(后海段)
204117.0,创业路(南油段)
203381.0,工业九路
204191.0,海德二道（南油段）
203359.0,工业九路
204123.0,创业路(南油段)
203282.0,荔园路(蛇口东段)
204098.0,创业路(南油段)
204112.0,创业路(南油段)
204158.0,创业路(南油段)
204197.0,海德二道（南油段）
203297.0,荔园路(蛇口东段)
204126.0,创业路(南油段)
204088.0,创业路(南油段)
205034.0,后海大道辅道(后海段)
204120.0,创业路(南油段)
204063.0,创业路(南油段)
204215.0,海德二道（南油段）
203298.0,荔园路(蛇口东段)
204138.0,创业路(南油段)
205032.0,后海大道辅道(后海段)
204007.0,南新路
204136.0,创业路(南油段)
204153.0,创业路(南油段)
203342.0,工业九路
204082.0,创业路(南油段)
203280.0,荔园路(蛇口东段)
205086.0,后海大道辅道(后海段)
203276.0,荔园路(蛇口东段)
203317.0,荔园路(蛇口东段)
205038.0,后海大道辅道(后海段)
204118.0,创业路(南油段)
205040.0,后海大道辅道(后海段)
204001.0,南新路
203294.0,荔园路(蛇口东段)
204100.0,创业路(南油段)
205092.0,后海大道辅道(后海段)
205049.0,后海大道辅道(后海段)
204137.0,创业路(南油段)
204178.0,海德二道（南油段）
204195.0,海德二道（南油段）
205021.0,后海大道辅道(后海段)
203290.0,荔园路(蛇口东段)
204042.0,南新路
203347.0,工业九路
203281.0,荔园路(蛇口东段)
204013.0,南新路
204185.0,海德二道（南油段）
205052.0,后海大道辅道(后海段)
204180.0,海德二道（南油段）
203361.0,工业九路
204122.0,创业路(南油段)
204172.0,海德二道（南油段）
204084.0,创业路(南油段)
204217.0,海德二道（南油段）
203349.0,工业九路
203374.0,工业九路
205043.0,后海大道辅道(后海段)
203345.0,工业九路
204140.0,创业路(南油段)
203341.0,工业九路
204015.0,南新路
204081.0,创业路(南油段)
204211.0,海德二道（南油段）
205067.0,后海大道辅道(后海段)
205047.0,后海大道辅道(后海段)
203337.0,工业九路
204076.0,创业路(南油段)
204099.0,创业路(南油段)
203376.0,工业九路
204008.0,南新路
204139.0,创业路(南油段)
204045.0,南新路
204111.0,创业路(南油段)
205026.0,后海大道辅道(后海段)
203291.0,荔园路(蛇口东段)
204012.0,南新路
204181.0,海德二道（南油段）
205079.0,后海大道辅道(后海段)
203318.0,荔园路(蛇口东段)
205046.0,后海大道辅道(后海段)
203331.0,工业九路
203319.0,荔园路(蛇口东段)
203339.0,工业九路
204116.0,创业路(南油段)
204208.0,海德二道（南油段）
203293.0,荔园路(蛇口东段)
203371.0,工业九路
203372.0,工业九路
205028.0,后海大道辅道(后海段)
203360.0,工业九路
204204.0,海德二道（南油段）
204196.0,海德二道（南油段）
204065.0,创业路(南油段)
203348.0,工业九路
204213.0,海德二道（南油段）
203368.0,工业九路
203302.0,荔园路(蛇口东段)
204218.0,海德二道（南油段）
205050.0,后海大道辅道(后海段)
204064.0,创业路(南油段)
204133.0,创业路(南油段)
204203.0,海德二道（南油段）
205085.0,后海大道辅道(后海段)
204046.0,南新路
206006.0,常兴路
206071.0,常兴路
206052.0,常兴路
206070.0,常兴路
205177.0,龙城路
206010.0,常兴路
206035.0,常兴路
205151.0,登良路
205154.0,登良路
205200.0,龙城路
206026.0,常兴路
206020.0,常兴路
205104.0,后海大道辅道(后海段)
206057.0,常兴路
206076.0,常兴路
206016.0,常兴路
205146.0,登良路
206062.0,常兴路
206027.0,常兴路
206092.0,学府路(前海段)
206068.0,常兴路
206053.0,常兴路
206093.0,学府路(前海段)
206061.0,常兴路
205179.0,龙城路
205107.0,后海大道辅道(后海段)
205142.0,登良路
205137.0,登良路
205203.0,龙城路
205197.0,龙城路
206059.0,常兴路
206025.0,常兴路
206017.0,常兴路
205186.0,龙城路
206069.0,常兴路
206019.0,常兴路
206066.0,常兴路
206060.0,常兴路
205180.0,龙城路
205143.0,登良路
205147.0,登良路
206003.0,常兴路
205191.0,龙城路
205099.0,后海大道辅道(后海段)
205189.0,龙城路
205136.0,登良路
206029.0,常兴路
206078.0,常兴路
205183.0,龙城路
206067.0,常兴路
205150.0,登良路
205102.0,后海大道辅道(后海段)
206073.0,常兴路
206056.0,常兴路
206104.0,学府路(前海段)
206001.0,常兴路
205109.0,后海大道辅道(后海段)
205106.0,后海大道辅道(后海段)
206011.0,常兴路
206282.0,南头街
206007.0,常兴路
205198.0,龙城路
206018.0,常兴路
206014.0,常兴路
205188.0,龙城路
205173.0,龙城路
205201.0,龙城路
206080.0,常兴路
205110.0,后海大道辅道(后海段)
205182.0,龙城路
206034.0,常兴路
206094.0,学府路(前海段)
205112.0,后海大道辅道(后海段)
206022.0,常兴路
205194.0,龙城路
206058.0,常兴路
205105.0,后海大道辅道(后海段)
205144.0,登良路
205130.0,登良路
206065.0,常兴路
205139.0,登良路
206004.0,常兴路
206097.0,学府路(前海段)
206063.0,常兴路
205108.0,后海大道辅道(后海段)
205152.0,登良路
205157.0,登良路
206288.0,南头街
206030.0,常兴路
205111.0,后海大道辅道(后海段)
205134.0,登良路
205181.0,龙城路
206055.0,常兴路
205155.0,登良路
205175.0,龙城路
206074.0,常兴路
205156.0,登良路
205190.0,龙城路
206005.0,常兴路
205187.0,龙城路
206009.0,常兴路
206072.0,常兴路
206075.0,常兴路
205103.0,后海大道辅道(后海段)
206013.0,常兴路
205174.0,龙城路
206095.0,学府路(前海段)
205158.0,登良路
206283.0,南头街
205196.0,龙城路
205128.0,华明路
205185.0,龙城路
205171.0,龙城路
205184.0,龙城路
206103.0,学府路(前海段)
206077.0,常兴路
205172.0,龙城路
205153.0,登良路
206015.0,常兴路
206024.0,常兴路
206290.0,南头街
205149.0,登良路
206008.0,常兴路
206031.0,常兴路
206101.0,学府路(前海段)
205145.0,登良路
206286.0,南头街
206032.0,常兴路
206023.0,常兴路
206289.0,南头街
205140.0,登良路
205148.0,登良路
206079.0,常兴路
206012.0,常兴路
206002.0,常兴路
205141.0,登良路
206028.0,常兴路
206064.0,常兴路
205176.0,龙城路
205193.0,龙城路
206051.0,常兴路
205131.0,登良路
205178.0,龙城路
206033.0,常兴路
206054.0,常兴路
206096.0,学府路(前海段)
205101.0,后海大道辅道(后海段)
205135.0,登良路
206285.0,南头街
205138.0,登良路
206284.0,南头街
207045.0,中心路(后海湾段)
207005.0,中心路(后海湾段)
206296.0,南头街
207025.0,中心路(后海湾段)
208140.0,文心二路
207014.0,中心路(后海湾段)
208176.0,文心二路
207070.0,中心路(后海湾段)
207042.0,中心路(后海湾段)
208141.0,文心二路
208178.0,文心二路
206304.0,南头街
207003.0,中心路(后海湾段)
207015.0,中心路(后海湾段)
207048.0,中心路(后海湾段)
206302.0,南头街
207068.0,中心路(后海湾段)
207183.0,海德一道(后海湾段)
208255.0,文心三路
207144.0,海德一道(后海湾段)
208251.0,文心三路
207020.0,中心路(后海湾段)
208155.0,文心二路
208256.0,文心三路
207018.0,中心路(后海湾段)
208144.0,文心二路
207022.0,中心路(后海湾段)
206306.0,南头街
207023.0,中心路(后海湾段)
207055.0,中心路(后海湾段)
208177.0,文心二路
207061.0,中心路(后海湾段)
208180.0,文心二路
208151.0,文心二路
207019.0,中心路(后海湾段)
208181.0,文心二路
208264.0,文心四路
207082.0,创业路(后海湾段)
207056.0,中心路(后海湾段)
207179.0,海德一道(后海湾段)
207182.0,海德一道(后海湾段)
207120.0,创业路(后海湾段)
208152.0,文心二路
207006.0,中心路(后海湾段)
207089.0,创业路(后海湾段)
208172.0,文心二路
208179.0,文心二路
206295.0,南头街
207081.0,创业路(后海湾段)
208138.0,文心二路
207041.0,中心路(后海湾段)
207118.0,创业路(后海湾段)
207021.0,中心路(后海湾段)
207044.0,中心路(后海湾段)
207010.0,中心路(后海湾段)
207147.0,海德一道(后海湾段)
206297.0,南头街
207114.0,创业路(后海湾段)
208254.0,文心三路
207029.0,中心路(后海湾段)
207012.0,中心路(后海湾段)
206303.0,南头街
207085.0,创业路(后海湾段)
208243.0,文心三路
208142.0,文心二路
208146.0,文心二路
207178.0,海德一道(后海湾段)
207058.0,中心路(后海湾段)
207017.0,中心路(后海湾段)
208143.0,文心二路
207172.0,海德一道(后海湾段)
208252.0,文心三路
207052.0,中心路(后海湾段)
207180.0,海德一道(后海湾段)
207047.0,中心路(后海湾段)
207174.0,海德一道(后海湾段)
207002.0,中心路(后海湾段)
208154.0,文心二路
207054.0,中心路(后海湾段)
208173.0,文心二路
207046.0,中心路(后海湾段)
207173.0,海德一道(后海湾段)
207024.0,中心路(后海湾段)
208107.0,文心一路
208171.0,文心二路
207050.0,中心路(后海湾段)
207004.0,中心路(后海湾段)
207087.0,创业路(后海湾段)
207066.0,中心路(后海湾段)
207051.0,中心路(后海湾段)
207065.0,中心路(后海湾段)
208175.0,文心二路
207072.0,中心路(后海湾段)
207007.0,中心路(后海湾段)
207043.0,中心路(后海湾段)
207153.0,海德一道(后海湾段)
207119.0,创业路(后海湾段)
208139.0,文心二路
206305.0,南头街
207115.0,创业路(后海湾段)
208103.0,文心一路
208102.0,文心一路
208241.0,文心三路
207008.0,中心路(后海湾段)
207181.0,海德一道(后海湾段)
207112.0,创业路(后海湾段)
207171.0,海德一道(后海湾段)
207001.0,中心路(后海湾段)
206294.0,南头街
207142.0,海德一道(后海湾段)
207030.0,中心路(后海湾段)
208123.0,文心一路
208137.0,文心二路
207031.0,中心路(后海湾段)
208183.0,文心二路
206307.0,南头街
207062.0,中心路(后海湾段)
207116.0,创业路(后海湾段)
207117.0,创业路(后海湾段)
207063.0,中心路(后海湾段)
208120.0,文心一路
208257.0,文心三路
207083.0,创业路(后海湾段)
208174.0,文心二路
207151.0,海德一道(后海湾段)
208145.0,文心二路
207064.0,中心路(后海湾段)
208122.0,文心一路
208153.0,文心二路
206308.0,南头街
207143.0,海德一道(后海湾段)
207009.0,中心路(后海湾段)
208105.0,文心一路
208109.0,文心一路
207016.0,中心路(后海湾段)
207060.0,中心路(后海湾段)
207176.0,海德一道(后海湾段)
207141.0,海德一道(后海湾段)
207086.0,创业路(后海湾段)
207013.0,中心路(后海湾段)
207175.0,海德一道(后海湾段)
207113.0,创业路(后海湾段)
207145.0,海德一道(后海湾段)
208101.0,文心一路
208121.0,文心一路
207028.0,中心路(后海湾段)
207152.0,海德一道(后海湾段)
208245.0,文心三路
207184.0,海德一道(后海湾段)
208135.0,文心二路
207049.0,中心路(后海湾段)
207053.0,中心路(后海湾段)
207073.0,中心路(后海湾段)
207150.0,海德一道(后海湾段)
207154.0,海德一道(后海湾段)
207057.0,中心路(后海湾段)
207059.0,中心路(后海湾段)
208263.0,文心四路
207026.0,中心路(后海湾段)
207032.0,中心路(后海湾段)
208244.0,文心三路
207011.0,中心路(后海湾段)
208104.0,文心一路
208280.0,文心四路
208268.0,文心四路
208354.0,文心六路
208365.0,文心六路
208437.0,创业路辅道
208407.0,文心六路
208386.0,文心六路
208450.0,创业路辅道
208453.0,创业路辅道
208405.0,文心六路
208375.0,文心六路
208383.0,文心六路
208379.0,文心六路
208485.0,海德一道
208487.0,海德一道
208369.0,文心六路
208447.0,创业路辅道
208275.0,文心四路
208353.0,文心六路
208423.0,创业路辅道
208404.0,文心六路
208456.0,创业路辅道
208402.0,文心六路
208399.0,文心六路
208387.0,文心六路
208446.0,创业路辅道
208474.0,海德一道
208464.0,创业路辅道
208396.0,文心六路
208460.0,创业路辅道
208356.0,文心六路
208449.0,创业路辅道
208273.0,文心四路
208427.0,创业路辅道
208472.0,海德一道
208436.0,创业路辅道
208457.0,创业路辅道
208285.0,文心四路
208410.0,文心六路
208434.0,创业路辅道
208281.0,文心四路
208381.0,文心六路
208471.0,海德一道
208305.0,文心五路
208372.0,文心六路
208266.0,文心四路
208374.0,文心六路
208428.0,创业路辅道
208367.0,文心六路
208377.0,文心六路
208313.0,文心五路
208332.0,文心五路
208363.0,文心六路
208473.0,海德一道
208357.0,文心六路
208271.0,文心四路
208390.0,文心六路
208488.0,海德一道
208388.0,文心六路
208452.0,创业路辅道
208358.0,文心六路
208438.0,创业路辅道
208398.0,文心六路
208406.0,文心六路
208486.0,海德一道
208351.0,文心六路
208355.0,文心六路
208411.0,文心六路
208505.0,海德一道
208462.0,创业路辅道
208401.0,文心六路
208424.0,创业路辅道
208409.0,文心六路
208481.0,海德一道
208458.0,创业路辅道
208331.0,文心五路
208272.0,文心四路
208359.0,文心六路
208475.0,海德一道
208422.0,创业路辅道
208421.0,创业路辅道
208360.0,文心六路
208395.0,文心六路
208435.0,创业路辅道
208403.0,文心六路
208459.0,创业路辅道
208432.0,创业路辅道
208393.0,文心六路
208442.0,创业路辅道
208366.0,文心六路
208309.0,文心五路
208431.0,创业路辅道
208444.0,创业路辅道
208461.0,创业路辅道
208476.0,海德一道
208392.0,文心六路
208478.0,海德一道
208282.0,文心四路
208425.0,创业路辅道
208482.0,海德一道
208274.0,文心四路
208267.0,文心四路
208279.0,文心四路
208373.0,文心六路
208391.0,文心六路
208352.0,文心六路
208371.0,文心六路
208315.0,文心五路
208441.0,创业路辅道
208370.0,文心六路
208477.0,海德一道
208314.0,文心五路
208455.0,创业路辅道
208439.0,创业路辅道
208440.0,创业路辅道
208269.0,文心四路
208484.0,海德一道
208443.0,创业路辅道
208303.0,文心五路
208400.0,文心六路
208276.0,文心四路
208448.0,创业路辅道
208430.0,创业路辅道
208389.0,文心六路
208364.0,文心六路
208304.0,文心五路
208380.0,文心六路
208283.0,文心四路
208361.0,文心六路
208316.0,文心五路
208368.0,文心六路
208270.0,文心四路
208308.0,文心五路
208451.0,创业路辅道
208412.0,文心六路
208408.0,文心六路
208265.0,文心四路
208333.0,文心五路
208286.0,文心四路
208284.0,文心四路
208378.0,文心六路
208426.0,创业路辅道
208433.0,创业路辅道
208385.0,文心六路
208454.0,创业路辅道
208674.0,海德三道
210093.0,高新南环路
210071.0,高新南环路
208507.0,海德一道
208679.0,海德三道
208516.0,海德一道
208547.0,海德一道
210049.0,高新南环路
210075.0,高新南环路
208511.0,海德一道
208675.0,海德三道
210031.0,高新南环路
208641.0,海德三道
210001.0,高新南环路
210064.0,高新南环路
208642.0,海德三道
210010.0,高新南环路
210070.0,高新南环路
208512.0,海德一道
208677.0,海德三道
208583.0,海德二道
210106.0,高新南环路
210026.0,高新南环路
210084.0,高新南环路
208658.0,海德三道
208681.0,海德三道
208578.0,海德二道
208535.0,海德一道
210043.0,高新南环路
208513.0,海德一道
210115.0,高新南环路
210123.0,科技南路
208594.0,海德二道
210097.0,高新南环路
210125.0,科技南路
208633.0,海德三道
210044.0,高新南环路
210046.0,高新南环路
208543.0,海德一道
208544.0,海德一道
210012.0,高新南环路
208533.0,海德一道
208580.0,海德二道
210124.0,科技南路
208574.0,海德二道
208676.0,海德三道
208582.0,海德二道
210015.0,高新南环路
208577.0,海德二道
210076.0,高新南环路
210081.0,高新南环路
210090.0,高新南环路
208682.0,海德三道
210085.0,高新南环路
210088.0,高新南环路
208551.0,海德一道
208506.0,海德一道
208652.0,海德三道
210013.0,高新南环路
210008.0,高新南环路
208616.0,海德二道
208519.0,海德一道
208601.0,海德二道
210069.0,高新南环路
208610.0,海德二道
208655.0,海德三道
210003.0,高新南环路
208552.0,海德一道
210111.0,高新南环路
210136.0,科技南路
208546.0,海德一道
210134.0,科技南路
210018.0,高新南环路
210023.0,高新南环路
210074.0,高新南环路
208517.0,海德一道
208545.0,海德一道
210024.0,高新南环路
210068.0,高新南环路
210092.0,高新南环路
208648.0,海德三道
208651.0,海德三道
210128.0,科技南路
208645.0,海德三道
208654.0,海德三道
210058.0,高新南环路
208643.0,海德三道
210017.0,高新南环路
210005.0,高新南环路
208590.0,海德二道
208647.0,海德三道
208680.0,海德三道
210104.0,高新南环路
208685.0,海德三道
210077.0,高新南环路
208613.0,海德二道
208650.0,海德三道
208575.0,海德二道
210030.0,高新南环路
208597.0,海德二道
208600.0,海德二道
208534.0,海德一道
210109.0,高新南环路
208684.0,海德三道
210141.0,科技南路
208510.0,海德一道
208581.0,海德二道
210102.0,高新南环路
208530.0,海德一道
208671.0,海德三道
208584.0,海德二道
210116.0,高新南环路
208553.0,海德一道
208660.0,海德三道
210036.0,高新南环路
210037.0,高新南环路
208542.0,海德一道
208619.0,海德二道
210108.0,高新南环路
210130.0,科技南路
208661.0,海德三道
210020.0,高新南环路
210072.0,高新南环路
208593.0,海德二道
208615.0,海德二道
210027.0,高新南环路
210087.0,高新南环路
210107.0,高新南环路
208532.0,海德一道
210121.0,科技南路
210048.0,高新南环路
208531.0,海德一道
210033.0,高新南环路
208554.0,海德一道
208612.0,海德二道
210025.0,高新南环路
208591.0,海德二道
210034.0,高新南环路
208586.0,海德二道
210113.0,高新南环路
208587.0,海德二道
208638.0,海德三道
210007.0,高新南环路
210065.0,高新南环路
210103.0,高新南环路
208508.0,海德一道
208644.0,海德三道
210057.0,高新南环路
210059.0,高新南环路
210094.0,高新南环路
210047.0,高新南环路
210078.0,高新南环路
208555.0,海德一道
210002.0,高新南环路
208536.0,海德一道
210127.0,科技南路
208669.0,海德三道
210038.0,高新南环路
210114.0,高新南环路
210060.0,高新南环路
210131.0,科技南路
208563.0,海德二道
210019.0,高新南环路
210096.0,高新南环路
208649.0,海德三道
210089.0,高新南环路
208585.0,海德二道
208595.0,海德二道
210029.0,高新南环路
208632.0,海德三道
208514.0,海德一道
210009.0,高新南环路
208634.0,海德三道
208656.0,海德三道
210112.0,高新南环路
208670.0,海德三道
210110.0,高新南环路
208596.0,海德二道
208611.0,海德二道
210080.0,高新南环路
210042.0,高新南环路
210021.0,高新南环路
208631.0,海德三道
208646.0,海德三道
208683.0,海德三道
210014.0,高新南环路
208561.0,海德二道
210016.0,高新南环路
210079.0,高新南环路
208562.0,海德二道
208637.0,海德三道
208653.0,海德三道
210066.0,高新南环路
208556.0,海德一道
208589.0,海德二道
210126.0,科技南路
208576.0,海德二道
208639.0,海德三道
210073.0,高新南环路
210137.0,科技南路
210006.0,高新南环路
210133.0,科技南路
208620.0,海德二道
208672.0,海德三道
210050.0,高新南环路
210083.0,高新南环路
208588.0,海德二道
210086.0,高新南环路
210101.0,高新南环路
208592.0,海德二道
208618.0,海德二道
210135.0,科技南路
208515.0,海德一道
210035.0,高新南环路
210022.0,高新南环路
210045.0,高新南环路
208509.0,海德一道
208599.0,海德二道
208614.0,海德二道
210004.0,高新南环路
210028.0,高新南环路
208657.0,海德三道
210091.0,高新南环路
210011.0,高新南环路
208518.0,海德一道
208673.0,海德三道
208678.0,海德三道
210032.0,高新南环路
210132.0,科技南路
208598.0,海德二道
210220.0,高新南环路
210156.0,科技南路
210171.0,科技南路
210426.0,高新南十道
210564.0,高新南环路
210253.0,高新南环路
210265.0,高新南环路
210562.0,高新南环路
210177.0,科技南路
210416.0,高新南十道
210196.0,科技南路
210413.0,高新南十道
210158.0,科技南路
210331.0,高新南十一道
210414.0,高新南十道
210153.0,科技南路
210159.0,科技南路
210237.0,高新南环路
210386.0,高新南十一道
210236.0,高新南环路
210469.0,高新南十道
210563.0,高新南环路
210285.0,高新南环路
210306.0,高新南环路
210258.0,高新南环路
210294.0,高新南环路
210382.0,高新南十一道
210454.0,高新南十道
210178.0,科技南路
210195.0,科技南路
210215.0,科技南路
210379.0,高新南十一道
210373.0,高新南十一道
210257.0,高新南环路
210586.0,高新南环路
210597.0,高新南环路
210192.0,科技南路
210255.0,高新南环路
210352.0,高新南十一道
210425.0,高新南十道
210443.0,高新南十道
210467.0,高新南十道
210495.0,高新南十道
210418.0,高新南十道
210286.0,高新南环路
210432.0,高新南十道
211030.0,科技南一路
211034.0,科技南一路
210211.0,科技南路
210475.0,高新南十道
210277.0,高新南环路
210547.0,高新南九道
210548.0,高新南九道
211033.0,科技南一路
210152.0,科技南路
210297.0,高新南环路
210337.0,高新南十一道
210465.0,高新南十道
210478.0,高新南十道
210191.0,科技南路
210468.0,高新南十道
210585.0,高新南环路
210203.0,科技南路
210232.0,高新南环路
210346.0,高新南十一道
210589.0,高新南环路
210143.0,科技南路
210595.0,高新南环路
211014.0,科技南一路
210190.0,科技南路
210146.0,科技南路
210224.0,高新南环路
210571.0,高新南环路
210226.0,高新南环路
210160.0,科技南路
210323.0,高新南环路
210355.0,高新南十一道
210376.0,高新南十一道
210462.0,高新南十道
210150.0,科技南路
210590.0,高新南环路
210142.0,科技南路
210511.0,高新南九道
210433.0,高新南十道
210262.0,高新南环路
210601.0,高新南环路
210550.0,高新南九道
210293.0,高新南环路
210312.0,高新南环路
210342.0,高新南十一道
210396.0,高新南十一道
210231.0,高新南环路
210299.0,高新南环路
210539.0,高新南九道
210184.0,科技南路
210314.0,高新南环路
210307.0,高新南环路
210461.0,高新南十道
210565.0,高新南环路
210577.0,高新南环路
210185.0,科技南路
210334.0,高新南十一道
210436.0,高新南十道
210210.0,科技南路
210492.0,高新南十道
210575.0,高新南环路
210300.0,高新南环路
210213.0,科技南路
210335.0,高新南十一道
210380.0,高新南十一道
211019.0,科技南一路
210394.0,高新南十一道
210473.0,高新南十道
210588.0,高新南环路
210169.0,科技南路
210284.0,高新南环路
210400.0,高新南十一道
210421.0,高新南十道
210456.0,高新南十道
211025.0,科技南一路
210173.0,科技南路
210197.0,科技南路
210313.0,高新南环路
210361.0,高新南十一道
210540.0,高新南九道
210189.0,科技南路
210572.0,高新南环路
210598.0,高新南环路
210483.0,高新南十道
210372.0,高新南十一道
210391.0,高新南十一道
210602.0,高新南环路
210233.0,高新南环路
211020.0,科技南一路
210261.0,高新南环路
210541.0,高新南九道
210336.0,高新南十一道
210378.0,高新南十一道
210343.0,高新南十一道
210381.0,高新南十一道
210170.0,科技南路
210254.0,高新南环路
210324.0,高新南环路
210534.0,高新南九道
211023.0,科技南一路
210576.0,高新南环路
210321.0,高新南环路
210398.0,高新南十一道
210545.0,高新南九道
210269.0,高新南环路
210546.0,高新南九道
210151.0,科技南路
210214.0,科技南路
210238.0,高新南环路
210333.0,高新南十一道
210344.0,高新南十一道
210201.0,科技南路
210217.0,科技南路
210472.0,高新南十道
210580.0,高新南环路
210243.0,高新南环路
210212.0,科技南路
210477.0,高新南十道
210276.0,高新南环路
210266.0,高新南环路
210225.0,高新南环路
210290.0,高新南环路
210179.0,科技南路
210147.0,科技南路
210359.0,高新南十一道
210583.0,高新南环路
210168.0,科技南路
210209.0,科技南路
210228.0,高新南环路
210264.0,高新南环路
210311.0,高新南环路
210289.0,高新南环路
210319.0,高新南环路
210561.0,高新南环路
210309.0,高新南环路
210604.0,高新南环路
211018.0,科技南一路
210148.0,科技南路
210304.0,高新南环路
210415.0,高新南十道
210429.0,高新南十道
210455.0,高新南十道
210479.0,高新南十道
210345.0,高新南十一道
210420.0,高新南十道
210301.0,高新南环路
211028.0,科技南一路
210568.0,高新南环路
210310.0,高新南环路
210476.0,高新南十道
210207.0,科技南路
210320.0,高新南环路
210164.0,科技南路
210287.0,高新南环路
210552.0,高新南九道
210551.0,高新南九道
210603.0,高新南环路
210188.0,科技南路
210582.0,高新南环路
210251.0,高新南环路
210360.0,高新南十一道
210375.0,高新南十一道
210182.0,科技南路
210240.0,高新南环路
210532.0,高新南九道
210383.0,高新南十一道
210385.0,高新南十一道
210440.0,高新南十道
211027.0,科技南一路
210208.0,科技南路
210292.0,高新南环路
210584.0,高新南环路
210395.0,高新南十一道
210419.0,高新南十道
210515.0,高新南九道
210593.0,高新南环路
211032.0,科技南一路
210318.0,高新南环路
210387.0,高新南十一道
210573.0,高新南环路
210149.0,科技南路
210155.0,科技南路
210605.0,高新南环路
210163.0,科技南路
210193.0,科技南路
210489.0,高新南十道
210194.0,科技南路
210260.0,高新南环路
210230.0,高新南环路
210273.0,高新南环路
210397.0,高新南十一道
210482.0,高新南十道
211012.0,科技南一路
210167.0,科技南路
210144.0,科技南路
210466.0,高新南十道
210486.0,高新南十道
210223.0,高新南环路
210270.0,高新南环路
210246.0,高新南环路
210271.0,高新南环路
210302.0,高新南环路
210470.0,高新南十道
210600.0,高新南环路
210581.0,高新南环路
210180.0,科技南路
210315.0,高新南环路
210570.0,高新南环路
210434.0,高新南十道
210295.0,高新南环路
210423.0,高新南十道
210222.0,高新南环路
211022.0,科技南一路
210256.0,高新南环路
210239.0,高新南环路
210332.0,高新南十一道
210275.0,高新南环路
210317.0,高新南环路
210599.0,高新南环路
210219.0,高新南环路
211013.0,科技南一路
210181.0,科技南路
210460.0,高新南十道
210549.0,高新南九道
210485.0,高新南十道
211017.0,科技南一路
210608.0,高新南环路
211016.0,科技南一路
210458.0,高新南十道
210463.0,高新南十道
210145.0,科技南路
210431.0,高新南十道
210484.0,高新南十道
210198.0,科技南路
210288.0,高新南环路
211031.0,科技南一路
210353.0,高新南十一道
210374.0,高新南十一道
210274.0,高新南环路
210351.0,高新南十一道
210356.0,高新南十一道
210183.0,科技南路
210424.0,高新南十道
210591.0,高新南环路
210438.0,高新南十道
210491.0,高新南十道
210221.0,高新南环路
210244.0,高新南环路
210252.0,高新南环路
210305.0,高新南环路
210607.0,高新南环路
210457.0,高新南十道
210578.0,高新南环路
210566.0,高新南环路
210592.0,高新南环路
210283.0,高新南环路
210384.0,高新南十一道
211021.0,科技南一路
210322.0,高新南环路
210272.0,高新南环路
210340.0,高新南十一道
210435.0,高新南十道
210560.0,高新南环路
211029.0,科技南一路
210512.0,高新南九道
210176.0,科技南路
210490.0,高新南十道
210606.0,高新南环路
210442.0,高新南十道
210200.0,科技南路
210245.0,高新南环路
210480.0,高新南十道
210514.0,高新南九道
211015.0,科技南一路
210569.0,高新南环路
210303.0,高新南环路
210543.0,高新南九道
210165.0,科技南路
210389.0,高新南十一道
210531.0,高新南九道
210430.0,高新南十道
210544.0,高新南九道
210263.0,高新南环路
210535.0,高新南九道
210166.0,科技南路
210574.0,高新南环路
210481.0,高新南十道
210533.0,高新南九道
210464.0,高新南十道
210229.0,高新南环路
210298.0,高新南环路
210338.0,高新南十一道
210596.0,高新南环路
210154.0,科技南路
210350.0,高新南十一道
210199.0,科技南路
210471.0,高新南十道
210496.0,高新南十道
210234.0,高新南环路
210401.0,高新南十一道
210536.0,高新南九道
210417.0,高新南十道
210474.0,高新南十道
210157.0,科技南路
210175.0,科技南路
210377.0,高新南十一道
210392.0,高新南十一道
210308.0,高新南环路
210162.0,科技南路
210341.0,高新南十一道
210579.0,高新南环路
210516.0,高新南九道
210267.0,高新南环路
210437.0,高新南十道
210567.0,高新南环路
210587.0,高新南环路
210161.0,科技南路
210357.0,高新南十一道
210393.0,高新南十一道
210428.0,高新南十道
210172.0,科技南路
210358.0,高新南十一道
210441.0,高新南十道
210488.0,高新南十道
210339.0,高新南十一道
210291.0,高新南环路
210216.0,科技南路
210296.0,高新南环路
210348.0,高新南十一道
210422.0,高新南十道
210594.0,高新南环路
210399.0,高新南十一道
210390.0,高新南十一道
210427.0,高新南十道
210493.0,高新南十道
210227.0,高新南环路
210316.0,高新南环路
210347.0,高新南十一道
210487.0,高新南十道
211084.0,科技南一路
211192.0,高新南七道
211137.0,科技南十路
211063.0,科技南一路
211077.0,科技南一路
211191.0,高新南七道
211074.0,科技南一路
211151.0,科技南十路
211181.0,高新南七道
211239.0,高新南五道
211069.0,科技南一路
211147.0,科技南十路
211037.0,科技南一路
211062.0,科技南一路
211144.0,科技南十路
211199.0,高新南七道
211061.0,科技南一路
211250.0,高新南四道
211185.0,高新南七道
211099.0,科技南一路
211184.0,高新南七道
211280.0,高新南三道
211276.0,高新南三道
211134.0,科技南十路
211246.0,高新南四道
211202.0,高新南七道
211065.0,科技南一路
211078.0,科技南一路
211121.0,科技南一路
211289.0,高新南三道
211200.0,高新南七道
211209.0,高新南七道
211263.0,高新南四道
211251.0,高新南四道
211041.0,科技南一路
211072.0,科技南一路
211136.0,科技南十路
211120.0,科技南一路
211159.0,科技南十路
211110.0,科技南一路
211052.0,科技南一路
211086.0,科技南一路
211190.0,高新南七道
211230.0,高新南五道
211222.0,高新南五道
211083.0,科技南一路
211064.0,科技南一路
211291.0,高新南三道
211045.0,科技南一路
211265.0,高新南四道
211272.0,高新南三道
211043.0,科技南一路
211150.0,科技南十路
211056.0,科技南一路
211179.0,高新南七道
211182.0,高新南七道
211108.0,科技南一路
211171.0,高新南七道
211067.0,科技南一路
211197.0,高新南七道
211195.0,高新南七道
211145.0,科技南十路
211152.0,科技南十路
211283.0,高新南三道
211117.0,科技南一路
211189.0,高新南七道
211279.0,高新南三道
211058.0,科技南一路
211290.0,高新南三道
211149.0,科技南十路
211048.0,科技南一路
211253.0,高新南四道
211135.0,科技南十路
211288.0,高新南三道
211206.0,高新南七道
211264.0,高新南四道
211054.0,科技南一路
211187.0,高新南七道
211287.0,高新南三道
211245.0,高新南四道
211166.0,科技南十二路
211085.0,科技南一路
211039.0,科技南一路
211212.0,高新南七道
211273.0,高新南三道
211256.0,高新南四道
211282.0,高新南三道
211116.0,科技南一路
211203.0,高新南七道
211257.0,高新南四道
211252.0,高新南四道
211115.0,科技南一路
211168.0,科技南十二路
211049.0,科技南一路
211047.0,科技南一路
211055.0,科技南一路
211243.0,高新南四道
211286.0,高新南三道
211057.0,科技南一路
211141.0,科技南十路
211114.0,科技南一路
211188.0,高新南七道
211176.0,高新南七道
211178.0,高新南七道
211161.0,科技南十二路
211111.0,科技南一路
211139.0,科技南十路
211284.0,高新南三道
211177.0,高新南七道
211235.0,高新南五道
211060.0,科技南一路
211153.0,科技南十路
211119.0,科技南一路
211227.0,高新南五道
211089.0,科技南一路
211221.0,高新南五道
211156.0,科技南十路
211158.0,科技南十路
211169.0,科技南十二路
211112.0,科技南一路
211225.0,高新南五道
211076.0,科技南一路
211036.0,科技南一路
211132.0,科技南十路
211154.0,科技南十路
211080.0,科技南一路
211207.0,高新南七道
211277.0,高新南三道
211075.0,科技南一路
211262.0,高新南四道
211238.0,高新南五道
211070.0,科技南一路
211244.0,高新南四道
211122.0,科技南一路
211162.0,科技南十二路
211213.0,高新南七道
211260.0,高新南四道
211138.0,科技南十路
211226.0,高新南五道
211173.0,高新南七道
211266.0,高新南四道
211100.0,科技南一路
211258.0,高新南四道
211087.0,科技南一路
211231.0,高新南五道
211281.0,高新南三道
211133.0,科技南十路
211208.0,高新南七道
211232.0,高新南五道
211090.0,科技南一路
211109.0,科技南一路
211224.0,高新南五道
211261.0,高新南四道
211255.0,高新南四道
211201.0,高新南七道
211123.0,科技南一路
211163.0,科技南十二路
211236.0,高新南五道
211259.0,高新南四道
211242.0,高新南四道
211205.0,高新南七道
211275.0,高新南三道
211172.0,高新南七道
211241.0,高新南四道
211131.0,科技南十路
211059.0,科技南一路
211066.0,科技南一路
211068.0,科技南一路
211157.0,科技南十路
211042.0,科技南一路
211142.0,科技南十路
211079.0,科技南一路
211174.0,高新南七道
211046.0,科技南一路
211082.0,科技南一路
211165.0,科技南十二路
211148.0,科技南十路
211247.0,高新南四道
211140.0,科技南十路
211229.0,高新南五道
211248.0,高新南四道
211211.0,高新南七道
211053.0,科技南一路
211038.0,科技南一路
211285.0,高新南三道
211118.0,科技南一路
211164.0,科技南十二路
211204.0,高新南七道
211044.0,科技南一路
211146.0,科技南十路
211124.0,科技南一路
211040.0,科技南一路
211180.0,高新南七道
211196.0,高新南七道
211210.0,高新南七道
211274.0,高新南三道
211071.0,科技南一路
211175.0,高新南七道
211183.0,高新南七道
211228.0,高新南五道
211088.0,科技南一路
211223.0,高新南五道
